,company,name,city,date
0,"Payne, Roberts and Davis",Senior Python Developer,"Stewartbury, AA",2021-04-08
1,Vasquez-Davidson,Energy engineer,"Christopherville, AA",2021-04-08
2,"Jackson, Chambers and Levy",Legal executive,"Port Ericaburgh, AA",2021-04-08
3,Savage-Bradley,Fitness centre manager,"East Seanview, AP",2021-04-08
4,Ramirez Inc,Product manager,"North Jamieview, AP",2021-04-08
5,Rogers-Yates,Medical technical officer,"Davidville, AP",2021-04-08
6,Kramer-Klein,Physiological scientist,"South Christopher, AE",2021-04-08
7,Meyers-Johnson,Textile designer,"Port Jonathan, AE",2021-04-08
8,Hughes-Williams,Television floor manager,"Osbornetown, AE",2021-04-08
9,"Jones, Williams and Villa",Waste management officer,"Scotttown, AP",2021-04-08
10,Garcia PLC,Software Engineer (Python),"Ericberg, AE",2021-04-08
11,Gregory and Sons,Interpreter,"Ramireztown, AE",2021-04-08
12,"Clark, Garcia and Sosa",Architect,"Figueroaview, AA",2021-04-08
13,Bush PLC,Meteorologist,"Kelseystad, AA",2021-04-08
14,Salazar-Meyers,Audiological scientist,"Williamsburgh, AE",2021-04-08
15,"Parker, Murphy and Brooks",English as a second language teacher,"Mitchellburgh, AE",2021-04-08
16,Cruz-Brown,Surgeon,"West Jessicabury, AA",2021-04-08
17,Macdonald-Ferguson,Equities trader,"Maloneshire, AE",2021-04-08
18,"Williams, Peterson and Rojas",Newspaper journalist,"Johnsonton, AA",2021-04-08
19,Smith and Sons,Materials engineer,"South Davidtown, AP",2021-04-08
20,"Moss, Duncan and Allen",Python Programmer (Entry-Level),"Port Sara, AE",2021-04-08
21,Gomez-Carroll,Product/process development scientist,"Marktown, AA",2021-04-08
22,"Manning, Welch and Herring","Scientist, research (maths)","Laurenland, AE",2021-04-08
23,"Lee, Gutierrez and Brown",Ecologist,"Lauraton, AP",2021-04-08
24,"Davis, Serrano and Cook",Materials engineer,"South Tammyberg, AP",2021-04-08
25,Smith LLC,Historic buildings inspector/conservation officer,"North Brandonville, AP",2021-04-08
26,Thomas Group,Data scientist,"Port Robertfurt, AA",2021-04-08
27,Silva-King,Psychiatrist,"Burnettbury, AE",2021-04-08
28,Pierce-Long,Structural engineer,"Herbertside, AA",2021-04-08
29,Walker-Simpson,Immigration officer,"Christopherport, AP",2021-04-08
30,Cooper and Sons,Python Programmer (Entry-Level),"West Victor, AE",2021-04-08
31,"Donovan, Gonzalez and Figueroa",Neurosurgeon,"Port Aaron, AP",2021-04-08
32,"Morgan, Butler and Bennett",Broadcast engineer,"Loribury, AA",2021-04-08
33,Snyder-Lee,Make,"Angelastad, AP",2021-04-08
34,Harris PLC,"Nurse, adult","Larrytown, AE",2021-04-08
35,Washington PLC,Air broker,"West Colin, AP",2021-04-08
36,"Brown, Price and Campbell","Editor, film/video","West Stephanie, AP",2021-04-08
37,Mcgee PLC,"Production assistant, radio","Laurentown, AP",2021-04-08
38,Dixon Inc,"Engineer, communications","Wrightberg, AP",2021-04-08
39,"Thompson, Sheppard and Ward",Sales executive,"Alberttown, AE",2021-04-08
40,Adams-Brewer,Software Developer (Python),"Brockburgh, AE",2021-04-08
41,Schneider-Brady,Futures trader,"North Jason, AE",2021-04-08
42,Gonzales-Frank,Tour manager,"Arnoldhaven, AE",2021-04-08
43,Smith-Wong,Cytogeneticist,"Lake Destiny, AP",2021-04-08
44,Pierce-Herrera,"Designer, multimedia","South Timothyburgh, AP",2021-04-08
45,"Aguilar, Rivera and Quinn",Trade union research officer,"New Jimmyton, AE",2021-04-08
46,"Lowe, Barnes and Thomas","Chemist, analytical","New Lucasbury, AP",2021-04-08
47,"Lewis, Gonzalez and Vasquez","Programmer, multimedia","Port Cory, AE",2021-04-08
48,Taylor PLC,"Engineer, broadcasting (operations)","Gileston, AA",2021-04-08
49,"Oliver, Jones and Ramirez","Teacher, primary school","Cindyshire, AA",2021-04-08
50,Rivera and Sons,Python Developer,"East Michaelfort, AA",2021-04-08
51,Garcia PLC,Manufacturing systems engineer,"Joybury, AE",2021-04-08
52,"Johnson, Wells and Kramer","Producer, television/film/video","Emmatown, AE",2021-04-08
53,Gonzalez LLC,"Scientist, forensic","Colehaven, AP",2021-04-08
54,"Morgan, White and Macdonald",Bonds trader,"Port Coryton, AE",2021-04-08
55,Robinson-Fitzpatrick,Editorial assistant,"Amyborough, AA",2021-04-08
56,"Waters, Wilson and Hoover",Photographer,"Reynoldsville, AA",2021-04-08
57,Hill LLC,Retail banker,"Port Billy, AP",2021-04-08
58,Li-Gregory,Jewellery designer,"Adamburgh, AA",2021-04-08
59,"Fisher, Ryan and Coleman",Ophthalmologist,"Wilsonmouth, AA",2021-04-08
60,Stewart-Alexander,"Back-End Web Developer (Python, Django)","South Kimberly, AA",2021-04-08
61,Abbott and Sons,Licensed conveyancer,"Benjaminland, AP",2021-04-08
62,"Bryant, Santana and Davenport",Futures trader,"Zacharyport, AA",2021-04-08
63,Smith PLC,Counselling psychologist,"Port Devonville, AE",2021-04-08
64,Patterson-Singh,Insurance underwriter,"East Thomas, AE",2021-04-08
65,Martinez-Berry,"Engineer, automotive","New Jeffrey, AP",2021-04-08
66,"May, Taylor and Fisher","Producer, radio","Davidside, AA",2021-04-08
67,"Bailey, Owen and Thompson",Dispensing optician,"Jamesville, AA",2021-04-08
68,Vasquez Ltd,"Designer, fashion/clothing","New Kelly, AP",2021-04-08
69,Leblanc LLC,Chartered loss adjuster,"Lake Antonio, AA",2021-04-08
70,"Jackson, Ali and Mckee","Back-End Web Developer (Python, Django)","New Elizabethside, AA",2021-04-08
71,"Blankenship, Knight and Powell",Forest/woodland manager,"Millsbury, AE",2021-04-08
72,"Patton, Haynes and Jones",Clinical cytogeneticist,"Lloydton, AP",2021-04-08
73,Wood Inc,Print production planner,"Port Jeremy, AA",2021-04-08
74,Collins Group,Systems developer,"New Elizabethtown, AA",2021-04-08
75,Flores-Nelson,Graphic designer,"Charlesstad, AE",2021-04-08
76,"Mitchell, Jones and Olson",Writer,"Josephbury, AE",2021-04-08
77,Howard Group,Field seismologist,"Seanfurt, AA",2021-04-08
78,Kramer-Edwards,Chief Strategy Officer,"Williambury, AA",2021-04-08
79,Berry-Houston,Air cabin crew,"South Jorgeside, AP",2021-04-08
80,Mathews Inc,Python Programmer (Entry-Level),"Robertborough, AP",2021-04-08
81,Riley-Johnson,Warden/ranger,"South Saratown, AP",2021-04-08
82,Spencer and Sons,Sports therapist,"Hullview, AA",2021-04-08
83,Camacho-Sanchez,Arts development officer,"Philipland, AP",2021-04-08
84,Oliver and Sons,Printmaker,"North Patty, AE",2021-04-08
85,Eaton PLC,Health and safety adviser,"North Stephen, AE",2021-04-08
86,Stanley-Frederick,Manufacturing systems engineer,"Stevensland, AP",2021-04-08
87,Bradley LLC,"Programmer, applications","Reyesstad, AE",2021-04-08
88,"Parker, Goodwin and Zavala",Medical physicist,"Bellberg, AP",2021-04-08
89,Kim-Miles,Media planner,"North Johnland, AE",2021-04-08
90,Moreno-Rodriguez,Software Developer (Python),"Martinezburgh, AE",2021-04-08
91,Brown-Ortiz,"Surveyor, land/geomatics","Joshuatown, AE",2021-04-08
92,Hartman PLC,Legal executive,"West Ericstad, AA",2021-04-08
93,Brooks Inc,"Librarian, academic","Tuckertown, AE",2021-04-08
94,Washington-Castillo,Barrister,"Perezton, AE",2021-04-08
95,"Nguyen, Yoder and Petty",Museum/gallery exhibitions officer,"Lake Abigail, AE",2021-04-08
96,Holder LLC,"Radiographer, diagnostic","Jacobshire, AP",2021-04-08
97,Yates-Ferguson,Database administrator,"Port Susan, AE",2021-04-08
98,Ortega-Lawrence,Furniture designer,"North Tiffany, AA",2021-04-08
99,"Fuentes, Walls and Castro",Ship broker,"Michelleville, AP",2021-04-08
